Name,Status,RSVP date,Is Plus One Of
Aedan Cullen,Going,2025-11-06 23:19:25,
Alex Infanger,Going,2025-11-10 19:37:45,
Alex Infanger's +1,Going,2025-11-10 19:37:45,Alex Infanger
Alex Spangher,Maybe,2025-11-10 17:32:41,
Alex Spangher's +1,Maybe,2025-11-10 17:32:41,Alex Spangher
Beth,Maybe,2025-11-06 22:58:47,
Caine Ardayfio,Going,2025-11-07 00:00:46,
Char McCurdy,Going,2025-11-10 20:51:18,
Christina Xu,Maybe,2025-11-13 07:30:45,
Christine Scheiber,Going,2025-11-15 17:45:01,
Christine Scheiber's +1,Going,2025-11-15 17:45:01,Christine Scheiber
Cody Hergenroeder,Maybe,2025-11-12 06:31:19,
Doug Fulop,Maybe,2025-11-14 22:21:47,
Dünya Baradari,Going,2025-11-06 22:12:41,
Esen K,Going,2025-11-15 17:06:19,
Esen K's +1,Going,2025-11-15 17:06:19,Esen K
Felix Güttersberger,Going,2025-11-06 20:55:02,
Gopal,Maybe,2025-11-06 20:55:05,
Grishma Athavale,Going,2025-11-15 17:57:10,
Hamed Rabah,Going,2025-11-07 17:39:16,
Helena Hu,Going,2025-11-12 20:20:43,
Huanxing Chen,Waitlist,2025-11-15 20:49:19,
Iban,Going,2025-11-14 04:59:29,
Jes P,Going,2025-11-06 21:42:30,
Jiaxin Pei,Going,2025-11-13 00:56:28,
Jorge,Maybe,2025-11-06 20:48:05,
Joyce,Maybe,2025-11-14 05:02:21,
Keunwook Kim,Going,2025-11-11 20:58:05,
Kevin Kenneally,Going,2025-11-07 07:16:59,
Kristine,Going,2025-11-06 20:48:30,
Kyra Mo,Maybe,2025-11-12 05:05:29,
Lily Stelling,Going,2025-11-11 01:23:39,
Liz D,Maybe,2025-11-13 08:53:11,
Lucas Chu,Maybe,2025-11-07 03:06:49,
Maira,Maybe,2025-11-15 17:25:11,
Marvin von Hagen,Going,2025-11-11 08:37:47,
Marwan Refaat,Going,2025-11-06 21:03:38,
Mateo Lopez,Waitlist,2025-11-15 19:01:22,
max negele,Maybe,2025-11-12 21:45:34,
Maximum sparsity reinforcement learner,Maybe,2025-11-15 04:51:25,
Megan Shabram,Going,2025-11-13 19:43:47,
Mian Irtiza Aftab,Going,2025-11-06 21:26:45,
Nikil Selvam,Maybe,2025-11-10 18:03:21,
Pablo Berlanga,Going,2025-11-11 01:23:44,
Patricia Paskov,Maybe,2025-11-13 08:49:10,
Lisa Soder,Maybe,2025-11-13 08:49:10,Patricia Paskov
Pratik Paudel,Going,2025-11-11 06:55:49,
Roberta,Waitlist,2025-11-15 18:49:54,
Roman,Going,2025-11-15 17:26:32,
Ruth Appel,Maybe,2025-11-10 17:02:38,
Sacha Alanoca,Going,2025-11-07 03:41:59,
Selena,Maybe,2025-11-10 20:13:24,
Shree,Maybe,2025-11-06 20:39:18,
Sophie l,Going,2025-11-15 18:12:54,
Stephen Zoepf,Going,2025-11-12 04:32:13,
Stewart Slocum,Going,2025-11-09 04:19:36,
Tatiana Grossman,Going,2025-11-14 02:32:39,
Tomás,Going,2025-11-09 19:03:20,
Vinzenz,Maybe,2025-11-08 02:15:42,
🎉🕊️,Going,2025-11-15 16:19:08,
